{
  "recentFiles": [
    {
      "basename": "에뮬레이터 켜기",
      "path": "여러가지/에뮬레이터 켜기.md"
    },
    {
      "basename": "배너",
      "path": "JS 일부 함수들, 기능들/배너.md"
    },
    {
      "basename": "Drawing 2023-12-11 16.40.10.excalidraw",
      "path": "Excalidraw/Drawing 2023-12-11 16.40.10.excalidraw.md"
    },
    {
      "basename": "snippets (축약어)",
      "path": "여러가지/snippets (축약어).md"
    },
    {
      "basename": "template에서 html 태그 온전히 들어가게하려면",
      "path": "JS 일부 함수들, 기능들/template에서 html 태그 온전히 들어가게하려면.md"
    },
    {
      "basename": "API Test (썬더볼트)",
      "path": "여러가지/API Test (썬더볼트).md"
    },
    {
      "basename": "무제 파일",
      "path": "무제 파일.canvas"
    },
    {
      "basename": "메모장",
      "path": "여러가지/메모장.md"
    },
    {
      "basename": "sh.OFPLogin.getLoginInfo 위치",
      "path": "JS 일부 함수들, 기능들/sh.OFPLogin.getLoginInfo 위치.md"
    },
    {
      "basename": "Object.assign 함수",
      "path": "JS 일부 함수들, 기능들/Object.assign 함수.md"
    }
  ],
  "omittedPaths": [],
  "maxLength": null,
  "openType": "tab"
}